{
  "soc": 2,
  "results": {
    "Random Forest": {
      "best_params": {
        "max_depth": null,
        "n_estimators": 200
      },
      "best_score_f1": 0.8873032172895078,
      "duration_s": 0.6811118125915527
    },
    "Gradient Boosting": {
      "best_params": {
        "learning_rate": 0.1,
        "max_depth": 5,
        "n_estimators": 200
      },
      "best_score_f1": 0.9411179031214746,
      "duration_s": 1.7993888854980469
    },
    "SVM (RBF)": {
      "best_params": {
        "C": 10.0,
        "gamma": "auto"
      },
      "best_score_f1": 0.9927774767288314,
      "duration_s": 0.21590662002563477
    }
  }
}