{
  "Random Forest": {
    "best_params": {
      "max_depth": null,
      "n_estimators": 400
    },
    "best_score_neg_mse": -0.08009367195160942,
    "best_score_mse": 0.08009367195160942,
    "duration_s": 7.520449876785278
  },
  "Gradient Boosting": {
    "best_params": {
      "learning_rate": 0.05,
      "max_depth": 5,
      "n_estimators": 200
    },
    "best_score_neg_mse": -0.0558123281524295,
    "best_score_mse": 0.0558123281524295,
    "duration_s": 2.832340955734253
  },
  "K-Nearest Neighbors": {
    "best_params": {
      "n_neighbors": 10,
      "weights": "distance"
    },
    "best_score_neg_mse": -0.07384957653309346,
    "best_score_mse": 0.07384957653309346,
    "duration_s": 0.2873878479003906
  }
}